Experiment_Type,Energy_Range_GeV,Required_Precision,Expected_Signal,Background_Level,Measurement_Time_Hours,Required_Luminosity_fb
Correlation_Function_Low_E,100.0-1000.0,0.0001,747189801036.4132,1e-05,24,10
Correlation_Function_High_E,1000.0-10000.0,0.0001,747189801036.4132,1e-05,48,50
Coupling_Ratio_Test,100-10000,0.001,273845546.715435*(6.03100003507835e-5 + 3.79438360413705e-6*I)*(0.00343521280962818 - 0.000107955911670903*I),0.0001,72,100
Entropy_Measurement,1000-5000,0.01,1.2464232166670424e-09,0.0001,36,30
Fractal_Dimension_Test,500-2000,0.001,4.01748055734349,0.001,60,50
